timestamp,motor1,motor2,motor3,motor4,motor5,motor6,motor7,motor8,motor9,motor10,marker_id,x,y,z,qx,qy,qz,qw
1766360708.7214658,332.30999755859375,310.7799987792969,242.75,184.30999755859375,72.25,93.87000274658203,361.1400146484375,257.8699951171875,113.55000305175781,298.739990234375,0,-0.15992151412067818,0.24073773030031934,0.7098634462236183,0.9264825048269378,0.0047337008551840976,0.3555869308754094,0.12314907598688572
1766360715.099576,332.30999755859375,310.7799987792969,242.75,184.22000122070312,72.25,93.87000274658203,361.1400146484375,257.8699951171875,113.55000305175781,298.739990234375,0,-0.1677586646034827,0.2529907036378459,0.7451964444202419,0.9788927287651337,-0.034920610965502925,0.15433502765080906,0.12934556714696716
1766360780.9412274,332.75,311.3999938964844,242.75,184.1300048828125,72.16000366210938,94.30999755859375,446.57000732421875,257.8699951171875,113.55000305175781,-780.9099731445312,0,-0.15802761191188094,0.17804004905939985,0.75840669603366,0.9609216807414399,0.04261621275858757,0.2726726004210455,0.021518245067524845
1766360797.4333663,343.9200134277344,325.80999755859375,253.47999572753906,188.08999633789062,84.55000305175781,103.44999694824219,446.3999938964844,288.9800109863281,140.10000610351562,-780.9099731445312,0,-0.16600966886766327,0.17395792889678927,0.7668992378726684,0.9507843050975365,0.03320602227981657,0.3014689811605295,0.06342727065371315
1766360825.5040426,428.9100036621094,325.80999755859375,253.47999572753906,188.1699981689453,84.55000305175781,103.54000091552734,446.3999938964844,288.9800109863281,140.19000244140625,-1499.5899658203125,0,-0.24966669570729466,0.20022400350446243,0.7510298841276912,0.9814256277652255,0.004047579506632232,0.05398115423116768,0.18404724734057154
1766360836.854258,428.82000732421875,325.80999755859375,253.47999572753906,188.1699981689453,84.55000305175781,103.62000274658203,528.6599731445312,288.9800109863281,140.27000427246094,-1499.5899658203125,0,-0.2084950137164097,0.0894527457173659,0.756178392885807,0.984693011662732,0.025877388149259523,0.023196975800036754,0.17079793288820538
1766360845.6865168,428.3800048828125,361.6700134277344,284.67999267578125,196.7899932861328,112.76000213623047,129.89999389648438,528.489990234375,344.44000244140625,187.3800048828125,-1499.5899658203125,0,-0.20099844225962157,0.10595907459492883,0.7692260523909079,0.9557479589489607,0.06731705709386855,0.2863545432310192,0.003915144961681812
1766360856.083093,440.7699890136719,374.4100036621094,299.2699890136719,201.08999633789062,117.5999984741211,134.55999755859375,528.489990234375,348.489990234375,191.8699951171875,-1499.5899658203125,0,-0.2166717462183654,0.11281271032304804,0.7557586276335306,-0.9850708450964715,-0.05818729703334752,-0.1560715551857592,0.04348951904511144
1766360867.9049587,447.5400085449219,383.989990234375,308.760009765625,201.08999633789062,117.69000244140625,134.55999755859375,528.489990234375,350.6000061035156,194.41000366210938,-1499.5899658203125,0,-0.2284291318193644,0.11174994027801671,0.7361944523523035,-0.987747320338017,-0.07988460702522442,-0.10908504794677794,0.07793672459079568
1766360878.009417,529.3699951171875,383.9100036621094,308.8500061035156,201.08999633789062,117.7699966430664,134.55999755859375,528.489990234375,350.6000061035156,194.3300018310547,-1499.5899658203125,0,-0.30633802330559184,0.12308884151730613,0.6884818239643933,0.9819366305274545,0.10067242905100557,0.1589608541487245,0.019923917929657625
1766360879.5994067,529.3699951171875,383.9100036621094,308.760009765625,201.08999633789062,117.7699966430664,134.55999755859375,528.489990234375,350.6000061035156,194.3300018310547,-1499.5899658203125,0,-0.317970088983615,0.12907390598388063,0.7140639476519562,0.9525672546945443,0.10090444758211997,0.2820316286462408,0.053778045566897165
1766360900.953843,525.3200073242188,417.739990234375,338.9100036621094,213.66000366210938,130.25,148.88999938964844,528.489990234375,369.8399963378906,213.22000122070312,-2936.780029296875,0,-0.3048253615946881,0.14666385079595226,0.7480364222499096,-0.9777939805335774,-0.12043065027256761,-0.17013017230070318,0.021705174041274304
1766360910.1847463,524.7100219726562,417.6600036621094,338.9100036621094,213.66000366210938,132.7100067138672,151.44000244140625,543.3400268554688,384.5199890136719,227.89999389648438,-2936.780029296875,0,-0.28143426098547525,0.11594573244585678,0.7334240980723791,-0.9582052471179683,-0.11481188728757198,-0.2614165841071332,0.017952840633661087
1766360930.7967174,524.7100219726562,425.3900146484375,343.2099914550781,213.66000366210938,142.55999755859375,161.19000244140625,615.9400024414062,418.6199951171875,262.2699890136719,-2936.780029296875,0,-0.24324592318547258,0.03679445469791776,0.7648623841264857,0.9763573714528965,0.13111743114234317,0.08498746922226132,0.1493707887621236
1766360940.4392939,524.7100219726562,425.3900146484375,343.2099914550781,213.66000366210938,142.55999755859375,161.19000244140625,615.9400024414062,418.6199951171875,262.2699890136719,-4015.110107421875,0,-0.25881820612684303,0.047672721798024585,0.7944890277132489,-0.970505572318587,-0.17086775047325165,-0.14145334339458485,0.09441449882976827
1766360964.9192405,524.7100219726562,425.3900146484375,343.2099914550781,213.66000366210938,142.55999755859375,161.19000244140625,615.8499755859375,502.6499938964844,262.3500061035156,-4015.110107421875,0,-0.20812690434081052,-0.0191847507880113,0.816140915422482,-0.9618145070643577,-0.22268087500708286,-0.11794471994137867,0.10684158808524206
1766360997.298116,524.6199951171875,429.260009765625,347.42999267578125,215.50999450683594,147.47999572753906,168.1300048828125,612.9500122070312,502.1199951171875,390.94000244140625,-6889.0400390625,0,-0.1970886329344636,-0.02963901412090993,0.8549038768334912,-0.9620843430347238,-0.25239455164925456,0.04122104184166521,0.09482369374108732
1766361068.1599438,344.7900085449219,429.42999267578125,347.5199890136719,441.3900146484375,147.47999572753906,168.0500030517578,759.2000122070312,822.739990234375,639.4000244140625,-9550.8095703125,0,0.0018853187372350143,-0.18432702978425888,0.9050692854154555,-0.9295514442981769,-0.03222508296348364,-0.09801685083040142,0.35396094895406294
1766361069.74988,344.7900085449219,429.42999267578125,347.42999267578125,441.29998779296875,147.47999572753906,168.0500030517578,759.2000122070312,822.739990234375,639.4000244140625,-10390.6103515625,0,0.0018853187372350143,-0.18432702978425888,0.9050692854154555,-0.9295514442981769,-0.03222508296348364,-0.09801685083040142,0.35396094895406294
1766361091.3662412,444.2900085449219,539.2100219726562,507.739990234375,379.69000244140625,280.54998779296875,310.69000244140625,757.969970703125,818.7899780273438,639.4000244140625,-10888.150390625,0,-0.028008914298230513,-0.23403383619079032,0.857322989032257,0.9728099444412538,0.1266595515037505,-0.05298950279182238,0.1865215338853638
1766361102.9626744,444.2900085449219,539.2100219726562,508.17999267578125,379.510009765625,280.54998779296875,310.69000244140625,757.969970703125,818.7899780273438,639.4000244140625,-12890.740234375,0,-0.02806946456222159,-0.23408148612526475,0.8592012595160549,0.9784795162695631,0.1314715969455466,-0.03311278325175699,0.15555256032220052
1766361103.5186937,444.2900085449219,539.2100219726562,508.1000061035156,379.510009765625,280.54998779296875,310.69000244140625,757.969970703125,818.7899780273438,639.3200073242188,-13224.01953125,0,-0.02806946456222159,-0.23408148612526475,0.8592012595160549,0.9784795162695631,0.1314715969455466,-0.03311278325175699,0.15555256032220052
1766361103.9166656,444.2900085449219,539.2100219726562,508.17999267578125,379.510009765625,280.54998779296875,310.69000244140625,757.969970703125,818.7899780273438,639.3200073242188,-13441.900390625,0,-0.02806946456222159,-0.23408148612526475,0.8592012595160549,0.9784795162695631,0.1314715969455466,-0.03311278325175699,0.15555256032220052
1766361104.3725574,444.2900085449219,539.2100219726562,508.17999267578125,379.510009765625,280.54998779296875,310.69000244140625,757.969970703125,818.7899780273438,639.3200073242188,-13659.080078125,0,-0.02806946456222159,-0.23408148612526475,0.8592012595160549,0.9784795162695631,0.1314715969455466,-0.03311278325175699,0.15555256032220052
1766361104.7566028,444.2900085449219,539.2100219726562,508.17999267578125,379.510009765625,280.54998779296875,310.69000244140625,757.969970703125,818.7899780273438,639.3200073242188,-13873.3603515625,0,-0.02806946456222159,-0.23408148612526475,0.8592012595160549,0.9784795162695631,0.1314715969455466,-0.03311278325175699,0.15555256032220052
1766361105.1746986,444.2900085449219,539.2100219726562,508.17999267578125,379.510009765625,280.54998779296875,310.6099853515625,757.969970703125,818.7899780273438,639.3200073242188,-14077.0,0,-0.02806946456222159,-0.23408148612526475,0.8592012595160549,0.9784795162695631,0.1314715969455466,-0.03311278325175699,0.15555256032220052
1766361808.2496974,493.07000732421875,442.8800048828125,551.25,229.66000366210938,159.35000610351562,193.10000610351562,764.2100219726562,493.1499938964844,571.3800048828125,-11697.3603515625,0,-0.19380781591925472,-0.17557527322278907,0.8074398447523482,-0.833622339527553,-0.3469841895080613,-0.3013562865841923,0.3063660487198754
1766361849.5599887,493.07000732421875,504.2300109863281,551.25,243.89999389648438,186.4199981689453,234.32000732421875,760.4299926757812,663.4000244140625,571.3800048828125,-11697.3603515625,1,-0.16862186499479564,-0.1985745577223177,0.8858842712822851,-0.6853046446560428,-0.3570013639671035,-0.6246666067034173,0.11269072991209562
1766361864.7154934,493.07000732421875,504.2300109863281,551.25,243.89999389648438,186.4199981689453,234.32000732421875,760.4299926757812,741.27001953125,571.3800048828125,-11697.3603515625,0,-0.10166247947342384,-0.1972850952712989,0.824053453577992,-0.81621726713854,-0.3574589528516657,-0.339267764876766,0.3015126092995237
1766361875.4251745,493.07000732421875,504.2300109863281,551.25,243.89999389648438,186.4199981689453,234.32000732421875,826.7899780273438,740.2999877929688,571.4600219726562,-11697.3603515625,1,0.0,0.0,0.04831932773109244,-0.6750490539764384,-0.3408969722825709,-0.605059274912111,0.2490006081456876
1766361880.9231172,493.07000732421875,504.2300109863281,551.25,243.89999389648438,186.4199981689453,254.27000427246094,818.260009765625,738.719970703125,571.3800048828125,-11697.3603515625,1,0.0,0.0,0.03686635944700461,0.7717138604571615,0.46263050241325576,-0.42730223060713507,0.08856375970638343
1766361890.1524918,493.07000732421875,504.2300109863281,551.25,243.89999389648438,186.4199981689453,254.27000427246094,874.510009765625,738.3699951171875,571.4600219726562,-11697.3603515625,1,0.0,0.0,0.045368620037807186,0.7823976439924949,0.47334793981895185,-0.3991606081740592,0.06683160499540992
1766361905.2780359,493.07000732421875,504.2300109863281,551.25,243.80999755859375,186.4199981689453,254.27000427246094,872.22998046875,814.8300170898438,571.4600219726562,-11697.3603515625,1,0.0,0.0,0.05371900826446281,0.7540709591423911,0.4836116653331479,-0.4307736471689774,0.10922825017600202
1766361924.2676356,493.07000732421875,504.32000732421875,551.25,470.57000732421875,186.4199981689453,341.19000244140625,864.22998046875,811.6699829101562,571.4600219726562,-11697.3603515625,0,-0.03335840775391173,-0.09322269086818842,0.9443321295191469,-0.9498819301654315,-0.13123666512942697,-0.25825391386511276,0.11749966997507635
1766361932.9348965,493.07000732421875,504.32000732421875,551.25,462.9200134277344,186.4199981689453,341.19000244140625,859.9199829101562,884.8800048828125,656.0999755859375,-11697.3603515625,0,-0.033805917920340475,-0.18251582171556058,0.8599515277818018,-0.9288266857041789,-0.10183537833596273,-0.12383011837128144,0.3340309048982088
1766361933.563226,493.07000732421875,504.32000732421875,551.25,462.9200134277344,186.4199981689453,341.19000244140625,859.9199829101562,884.8800048828125,656.0999755859375,-11697.3603515625,0,-0.033805917920340475,-0.18251582171556058,0.8599515277818018,-0.9288266857041789,-0.10183537833596273,-0.12383011837128144,0.3340309048982088
1766361957.468288,493.07000732421875,584.9099731445312,584.2999877929688,407.1099853515625,326.3399963378906,375.2099914550781,827.489990234375,860.8900146484375,656.02001953125,-11697.3603515625,0,-0.06360294558786017,-0.20519978594594362,0.8425376211308001,-0.8993397631966059,-0.17285976396455704,-0.2019265705180513,0.34717884793634707
1766361972.5258093,493.07000732421875,584.9099731445312,584.2999877929688,407.1099853515625,326.3399963378906,375.2099914550781,827.489990234375,860.8900146484375,656.02001953125,-12263.2001953125,0,-0.07063516416930123,-0.202441651670576,0.8593662461203586,0.9686215191539322,0.18438487780458138,-0.08925448216752564,0.14074163165859965
1766361979.1417403,493.07000732421875,584.9099731445312,584.2999877929688,407.1099853515625,326.3399963378906,375.2099914550781,827.4000244140625,860.8900146484375,656.02001953125,-12623.0302734375,0,-0.07443229163683178,-0.1979584202066159,0.8625077555959981,-0.9029783951206957,-0.17521181853246076,-0.17303867463669534,0.352119942167121
1766361986.211497,493.07000732421875,584.9099731445312,584.2999877929688,407.1099853515625,326.3399963378906,375.2099914550781,827.4000244140625,860.8900146484375,656.02001953125,-12982.9404296875,0,-0.07665714610931355,-0.19245260559057542,0.854139181239137,0.9691955288532218,0.16533178726021525,-0.059380713722444745,0.17262490495313768
1766361992.5254161,493.07000732421875,584.9099731445312,584.2999877929688,407.1099853515625,326.3399963378906,375.2099914550781,827.489990234375,860.8900146484375,656.02001953125,-13342.6796875,0,-0.07669922379455425,-0.19196558101061167,0.8531346707357855,-0.8982297430858373,-0.16682874780405674,-0.14550427451543235,0.3797104207680098
1766361999.543595,493.07000732421875,584.9099731445312,584.2999877929688,407.1099853515625,326.3399963378906,375.2099914550781,827.489990234375,860.8900146484375,656.02001953125,-13702.5,2,0.0,0.0,0.006042296072507553,-0.7806909355694207,-0.08086099230768397,0.17871575189916963,0.5933328265534226
1766362063.6695614,493.07000732421875,584.9099731445312,584.2999877929688,406.760009765625,326.3399963378906,375.2099914550781,827.4000244140625,860.8900146484375,656.02001953125,-13674.4599609375,2,0.0,0.0,0.066006600660066,-0.7668796480881583,-0.0913837425892855,0.16343251920672094,0.6138684131019467
1766362092.1048415,493.1499938964844,584.9099731445312,584.2999877929688,406.6700134277344,326.3399963378906,375.2099914550781,737.0499877929688,860.1900024414062,656.02001953125,-13674.4599609375,2,-0.13207069236859612,-0.1475500301271405,0.9523622540937011,0.8646043882988041,0.009690697157440864,0.2598851530682375,0.42991283923343376
1766362122.3963513,493.1499938964844,584.9099731445312,755.6799926757812,406.6700134277344,326.3399963378906,375.2099914550781,736.7000122070312,859.3900146484375,656.0999755859375,-13674.4599609375,1,-0.24655915501035436,-0.09406745344147391,0.8046193401287449,0.7825482109809767,0.13592372717488851,0.6014835126668255,0.08579406664412095
1766362127.5707974,493.1499938964844,584.9099731445312,839.969970703125,406.6700134277344,326.3399963378906,375.2099914550781,736.7000122070312,859.0399780273438,656.0999755859375,-13674.4599609375,1,-0.3361664179919868,-0.04654245525389994,0.7970472541180025,-0.9776456853817846,-0.12281767261827116,0.09375359859352543,0.14260082712865232
1766362132.818108,493.1499938964844,584.9099731445312,923.2000122070312,406.6700134277344,326.3399963378906,375.2099914550781,736.7000122070312,858.9600219726562,656.0999755859375,-13674.4599609375,1,-0.37830021081453896,0.009092775837917117,0.774839419400551,0.9085079560049747,-0.054250536156566005,0.4023681717827395,0.09884344964945319
